order_id,customer_id,customer_unique_id,customer_city,customer_state,order_status,order_purchase_timestamp,order_approved_at,order_delivered_carrier_date,order_delivered_customer_date,order_estimated_delivery_date,total_payment_value,payment_count,max_installments,review_score,review_comment_title,review_comment_message
00010242fe8c5a6d1ba2dd792cb16214,3ce436f183e68e07877b285a838db11a,871766c5855e863f6eccc05f988b23cb,campos dos goytacazes,RJ,delivered,2017-09-13 08:59:02,2017-09-13 09:45:35,2017-09-19 18:34:16,2017-09-20 23:43:48,2017-09-29 00:00:00,72.19,1,2,5,,"Perfeito, produto entregue antes do combinado."
00018f77f2f0320c557190d7a144bdd3,f6dd3ec061db4e3987629fe6b26e5cce,eb28e67c4c0b83846050ddfb8a35d051,santa fe do sul,SP,delivered,2017-04-26 10:53:06,2017-04-26 11:05:13,2017-05-04 14:35:00,2017-05-12 16:04:24,2017-05-15 00:00:00,259.83,1,3,4,,
000229ec398224ef6ca0657da4fc703e,6489ae5e4333f3693df5ad4372dab6d3,3818d81c6709e39d06b2738a8d3a2474,para de minas,MG,delivered,2018-01-14 14:33:31,2018-01-14 14:48:30,2018-01-16 12:36:48,2018-01-22 13:19:16,2018-02-05 00:00:00,216.87,1,5,5,,Chegou antes do prazo previsto e o produto surpreendeu pela qualidade. Muito satisfatório.
00024acbcdf0a6daa1e931b038114c75,d4eb9395c8c0431ee92fce09860c5a06,af861d436cfc08b2c2ddefd0ba074622,atibaia,SP,delivered,2018-08-08 10:00:35,2018-08-08 10:10:18,2018-08-10 13:28:00,2018-08-14 13:32:39,2018-08-20 00:00:00,25.78,1,2,4,,
00042b26cf59d7ce69dfabb4e55b4fd9,58dbd0b2d70206bf40e62cd34e84d795,64b576fb70d441e8f1b2d7d446e483c5,varzea paulista,SP,delivered,2017-02-04 13:57:51,2017-02-04 14:10:13,2017-02-16 09:46:09,2017-03-01 16:42:31,2017-03-17 00:00:00,218.04,1,3,5,,Gostei pois veio no prazo determinado .
00048cc3ae777c65dbb7d2a0634bc1ea,816cbea969fe5b689b39cfc97a506742,85c835d128beae5b4ce8602c491bf385,uberaba,MG,delivered,2017-05-15 21:42:34,2017-05-17 03:55:27,2017-05-17 11:05:55,2017-05-22 13:44:35,2017-06-06 00:00:00,34.59,1,1,4,,
00054e8431b9d7675808bcb819fb4a32,32e2e6ab09e778d99bf2e0ecd4898718,635d9ac1680f03288e72ada3a1035803,guararapes,SP,delivered,2017-12-10 11:53:48,2017-12-10 12:10:31,2017-12-12 01:07:48,2017-12-18 22:03:38,2018-01-04 00:00:00,31.75,1,1,4,,
000576fe39319847cbb9d288c5617fa6,9ed5e522dd9dd85b4af4a077526d8117,fda4476abb6307ab3c415b7e6d026526,praia grande,SP,delivered,2018-07-04 12:08:27,2018-07-05 16:35:48,2018-07-05 12:15:00,2018-07-09 14:04:07,2018-07-25 00:00:00,880.75,1,10,5,,
0005a1a1728c9d785b8e2b08b904576c,16150771dfd4776261284213b89c304e,639d23421f5517f69d0c3d6e6564cf0e,santos,SP,delivered,2018-03-19 18:40:33,2018-03-20 18:35:21,2018-03-28 00:37:42,2018-03-29 18:17:31,2018-03-29 00:00:00,157.60,1,3,1,,"Na descrição do produto quando fui efetuar a compra, estava detalhado os pentes de disfarce.
Quando recebe o produto verifiquei e notei que não havia os pentes 0.5 e 1.5"
0005f50442cb953dcd1d21e1fb923495,351d3cb2cee3c7fd0af6616c82df21d3,0782c41380992a5a533489063df0eef6,jandira,SP,delivered,2018-07-02 13:59:39,2018-07-02 14:10:56,2018-07-03 14:25:00,2018-07-04 17:28:31,2018-07-23 00:00:00,65.39,1,1,4,,
00061f2a7bc09da83e415a52dc8a4af1,c6fc061d86fab1e2b2eac259bac71a49,107e6259485efac66428a56f10801f4f,piracicaba,SP,delivered,2018-03-24 22:16:10,2018-03-24 22:28:09,2018-03-27 05:26:55,2018-03-29 00:04:19,2018-04-09 00:00:00,68.87,1,3,5,,"A caixa do produto veio com uma pequena avariação, mas de resto veio perfeito..."
00063b381e2406b52ad429470734ebd5,6a899e55865de6549a58d2c6845e5604,3fb97204945ca0c01bcf3eee6031c5f1,monte alto,SP,delivered,2018-07-27 17:21:27,2018-07-27 18:00:06,2018-07-30 14:52:00,2018-08-07 13:56:52,2018-08-07 00:00:00,57.98,1,5,5,,"Fiquei um pouco triste, achei que a cor do coração seria verde, conforme a foto..... Mas depois que recebi o coração cor de rosa que fui ver que são imagens ilustrativas...... 😥"
0006ec9db01a64e59a68b2c340bf65a7,5d178120c29c61748ea95bac23cb8f25,7ed0ea20347f67fe61d1c99fdf8556ae,rio de janeiro,RJ,delivered,2018-07-24 17:04:17,2018-07-24 17:24:20,2018-07-25 11:02:00,2018-07-31 01:04:15,2018-08-22 00:00:00,97.32,1,4,5,Boa,Excelente serviço de compras on line.
0008288aa423d2a3f00fcb17cd7d8719,2355af7c75e7c98b43a87b2a7f210dc5,9e4159995424971423b98c4a8bc11529,jandira,SP,delivered,2018-02-13 22:10:21,2018-02-15 03:55:52,2018-02-20 18:23:28,2018-02-26 13:55:22,2018-03-06 00:00:00,126.54,1,1,5,,
0009792311464db532ff765bf7b182ae,2a30c97668e81df7c17a8b14447aeeba,4987996ddcd0ddb20740fdce7c2bfbb1,alfenas,MG,delivered,2018-08-14 20:43:09,2018-08-15 12:15:10,2018-08-15 15:28:00,2018-08-22 12:02:27,2018-08-28 00:00:00,127.55,1,1,5,,
0009c9a17f916a706d71784483a5d643,8a250edc40ebc5c3940ebc940f16a7eb,6062db572f3ef38b7a8ff4307abbfad3,campinas,SP,delivered,2018-04-25 09:10:41,2018-04-25 09:33:19,2018-04-27 15:14:00,2018-04-30 17:54:25,2018-05-09 00:00:00,650.34,1,6,4,,
000aed2e25dbad2f9ddb70584c5a2ded,fff5169e583fd07fac9fec88962f189d,6457be0b331148fb5454efc88d1e03d9,santa barbara d'oeste,SP,delivered,2018-05-11 20:33:38,2018-05-11 20:57:03,2018-05-16 14:26:00,2018-05-18 16:46:31,2018-05-22 00:00:00,152.77,1,1,1,produto não entregue,"Mudo minha opinião assim que receber o produto.
Consta no site que o produto foi entregue, mas não recebi."
000c3e6612759851cc3cbb4b83257986,3773bcf1a6fbd29233ea1c1b573c4f22,f5f088001070650f9e9a8cd773621f35,jundiai,SP,delivered,2017-08-12 10:08:57,2017-08-15 03:35:32,2017-08-15 15:32:51,2017-08-19 15:22:17,2017-09-01 00:00:00,112.71,1,1,5,,Recebi td certinho antes do prazo! 
000e562887b1f2006d75e0be9558292e,2b01d668726fb0b751c55918c0437b7b,b2c72d1e9f6430603b8337d8f1394a99,cubatao,SP,delivered,2018-02-22 11:54:42,2018-02-22 12:08:37,2018-02-26 14:18:32,2018-03-12 18:46:34,2018-03-19 00:00:00,41.11,1,4,3,,Bom produto
000e63d38ae8c00bbcb5a30573b99628,98884e672c5ba85f4394f2044e1a3eab,860fc00d3154ce2346c43ebe47b9b6ce,sao paulo,SP,delivered,2018-03-23 19:48:26,2018-03-23 20:07:49,2018-03-26 21:38:48,2018-03-27 14:51:47,2018-04-05 00:00:00,56.78,1,1,3,,5
000e906b789b55f64edcb1f84030f90d,6a3b2fc9f270df258605e22bef19fd88,3588484a539617d91500764822230fb6,santa cruz do rio pardo,SP,delivered,2017-11-21 18:54:23,2017-11-21 19:09:02,2017-11-22 20:46:54,2017-12-09 17:27:23,2017-12-07 00:00:00,33.84,1,3,3,,
000f25f4d72195062c040b12dce9a18a,86ade8ebc14f18dd6c3ea75bd0eb7534,1a6cbc34ea404cb0af7ed74df0999354,volta redonda,RJ,delivered,2018-03-07 10:33:13,2018-03-07 11:10:11,2018-03-16 15:58:31,2018-03-22 16:51:52,2018-04-11 00:00:00,164.39,1,1,4,,
001021efaa8636c29475e7734483457d,2dfbf74859104caf100df3720a1d833d,2193383c470dc9cec894ce78afd0ebd6,ivaipora,PR,delivered,2018-02-27 09:27:14,2018-02-27 09:35:41,2018-02-27 21:43:46,2018-03-08 20:06:33,2018-03-23 00:00:00,64.10,1,3,4,,super recomendo
0010b2e5201cc5f1ae7e9c6cc8f5bd00,57ef317d4818cb42680fc9dfd13867ce,e883f26917e2095c439f70c2cf8c914b,rio de janeiro,RJ,delivered,2017-09-11 17:39:33,2017-09-11 18:04:37,2017-09-12 17:02:57,2017-09-23 13:21:21,2017-09-27 00:00:00,65.50,1,3,5,,
0010dedd556712d7bb69a19cb7bbd37a,3a92efdb6e6163dc1734d44f2f5f6d04,a77550dd00887c5bb24100ccbd08cbe9,sao paulo,SP,unavailable,2017-10-21 19:32:06,2017-10-24 03:25:32,,,2017-11-03 00:00:00,111.12,1,1,1,,nao recebi o produto
00119ff934e539cf26f92b9ef0cdfed8,7dd2e283f47deac853cf70f3b63c8d86,13df7b623839b4edc579ee40279d57c8,nova iguacu,RJ,delivered,2017-08-06 00:42:49,2017-08-07 00:35:12,2017-08-07 21:12:34,2017-08-16 17:29:59,2017-08-31 00:00:00,236.88,1,6,5,,"Recebi o long 10 dias após a compra, e chegou em perfeito estado. A ilustração é idêntica à imagem do site. O material é de ótima qualidade e o tamanho é perfeito. Recomendo ! "
0011d82c4b53e22e84023405fb467e57,2013d892495e1a101d742d533d2d1119,02daaa0e021d624d1784c4ea5cc84ace,sao paulo,SP,delivered,2018-01-16 21:43:23,2018-01-16 21:51:25,2018-01-23 22:08:06,2018-01-26 22:14:02,2018-02-15 00:00:00,315.33,1,2,4,,
00125cb692d04887809806618a2a145f,8afb90a97ee661103014329b1bcea1a2,7ac26eac431c6848694a2de6f0327524,anapolis,GO,delivered,2017-03-23 12:21:17,2017-03-23 13:05:42,2017-03-27 08:58:04,2017-04-07 15:32:47,2017-04-20 00:00:00,135.41,1,1,5,,"produto como descrito, satisfeitíssima com a compra."
00130c0eee84a3d909e75bc08c5c3ca1,47d656c08a282ec5ab4c1f18303a3a30,b5910f24d2483d697b37e3857b621061,sao bernardo do campo,SP,delivered,2018-06-11 21:17:00,2018-06-12 05:16:24,2018-06-12 14:22:00,2018-06-13 15:28:25,2018-06-20 00:00:00,35.84,1,1,5,Super Recomendo,"Produto entregue adequadamente e muito rápido, gostei muito do serviço."
0013503b13da1eac686219390b7d641b,f7277fce45fad3165379c15cacf5ddbe,1544f85dff3797491b60f2a5241d14c1,osasco,SP,delivered,2017-12-05 23:40:59,2017-12-07 03:16:36,2017-12-07 22:59:30,2017-12-20 22:46:28,2017-12-28 00:00:00,137.22,1,1,5,,
00137e170939bba5a3134e2386413108,7b63cba66b8e6d002e94d0990c1e2868,38c3bc2d6df03905e3e8d3d5b079acf4,rio de janeiro,RJ,delivered,2017-11-24 16:50:38,2017-11-25 06:30:55,2017-11-28 19:43:52,2017-12-11 19:12:55,2017-12-18 00:00:00,421.65,1,1,4,,
001427c0ec99cf8af737bd88e92fd444,eab9c552374be06ed15923016dc9e588,2ada69d1c5528233e3d9aa3f1d8da1b1,ituiutaba,MG,delivered,2018-04-07 18:51:22,2018-04-07 19:08:28,2018-04-09 23:29:32,2018-04-25 23:38:41,2018-05-10 00:00:00,83.25,1,1,2,,
00143d0f86d6fbd9f9b38ab440ac16f5,2e45292979b9b2700ea09560eeb0f803,bb8a37225e0279ac8a274c9765617eaf,goiania,GO,delivered,2017-10-16 15:29:43,2017-10-16 16:07:52,2017-10-16 23:04:43,2017-10-27 18:43:56,2017-11-06 00:00:00,109.29,1,1,,,
0014ae671de39511f7575066200733b7,41065d9dcea52218c3943d2eed072b97,8e5a8d9363eb6296154b65750c8702ca,pinhais,PR,delivered,2017-05-22 13:49:03,2017-05-23 03:15:24,2017-05-29 09:04:02,2017-06-07 13:52:52,2017-06-13 00:00:00,30.60,1,1,5,,
0015ebb40fb17286bea51d4607c4733c,da43a556bf5c36a1104c473cff77de6c,2e0daa38f7fd081ddcda32d972e5ec50,pato bragado,PR,delivered,2018-01-14 09:01:36,2018-01-14 09:11:24,2018-01-17 22:56:36,2018-02-01 20:29:51,2018-02-15 00:00:00,37.00,1,1,5,,
00169e31ef4b29deaae414f9a5e95929,efb3830adb68fb8a89c948774388ec28,577edb526f98771b20d6db4a51d79423,rio de janeiro,RJ,delivered,2018-01-16 09:26:39,2018-01-17 03:35:47,2018-01-17 16:46:04,2018-01-23 20:19:04,2018-02-07 00:00:00,55.11,1,1,1,,Entrega muito demorada. Ainda não recebi o produto
0016dfedd97fc2950e388d2971d718c7,2c8b917c5d7dd720ebe36a5ed3b501ec,33febb33a42a35f5826a22584b127f9d,canavieiras,BA,delivered,2017-04-28 19:54:40,2017-04-29 10:05:12,2017-05-16 08:40:49,2017-05-22 18:32:21,2017-06-01 00:00:00,70.55,2,5,5,,
0017afd5076e074a48f1f1a4c7bac9c5,8085a9af46f619bc25966f151a362b0d,98758d88bf4b8eef1372ddee45d63178,campo alegre,AL,delivered,2017-04-06 22:16:10,2017-04-06 22:25:19,2017-04-17 13:54:37,2017-05-23 08:32:07,2017-05-19 00:00:00,853.39,1,10,1,,
001862358bf858722e1e2ae000cfed8b,2cf869dd40c98f29686f636d83545cce,eb2568a7ba9b2ca9bf1f818a8dea82ce,cunha,SP,delivered,2018-02-06 19:11:57,2018-02-07 19:10:37,2018-02-08 17:44:13,2018-02-15 22:57:01,2018-03-02 00:00:00,113.71,1,2,5,,"Adorei, compro novamente!"
0019c29108428acffd089c36103c9440,5f6bbac628ae418db4e0f92932f899c1,d02e64b28b7c386aab81bb6ce148799a,monte siao,MG,delivered,2018-03-06 06:40:28,2018-03-06 06:50:26,2018-03-07 01:20:05,2018-03-16 22:34:53,2018-04-11 00:00:00,79.85,1,7,5,,Produto real.
001ab0a7578dd66cd4b0a71f5b6e1e41,8bb3bef4e75a95524235cdc11a7331af,d1f24d1d504e27bee13b415e40daeab0,salvador,BA,delivered,2017-12-27 00:38:47,2017-12-28 02:33:42,2017-12-28 18:09:35,2018-01-17 20:43:29,2018-01-29 00:00:00,127.56,1,1,4,,Loja rápida na entrega. Só houve um incidente pelo fato de não vim o produto escolhido e sim um similar.
001ac194d4a326a6fa99b581e9a3d963,f4f17ada91ef010cbde3892ae54e625f,3d01f9412759a6a68f249b76eca0de78,cubatao,SP,delivered,2018-07-04 11:39:11,2018-07-06 02:51:10,2018-07-06 08:58:00,2018-07-12 17:48:49,2018-07-17 00:00:00,62.54,1,1,5,,Entregaram do prazo 
001b76dd48a5b1eee3e87778daa40df8,a62843b08086d1629415a203a7fd419d,b32ff8caad5902c55fa167e7dc77cc69,santa salete,SP,delivered,2018-03-26 17:42:53,2018-03-26 17:50:17,2018-03-29 23:32:44,2018-04-06 18:36:23,2018-04-27 00:00:00,95.00,1,3,5,,Tudo ok e dentro do prazo
001c85b5f68d2be0cb0797afc9e8ce9a,48ed31e735f1c420ed6ca3637b7c744d,55a269f324455e78349e7b9b7e7e5911,sao paulo,SP,delivered,2017-11-24 19:19:18,2017-11-24 22:38:47,2017-11-27 12:42:15,2017-12-22 18:37:40,2017-12-14 00:00:00,112.71,1,4,2,,
001d8f0e34a38c37f7dba2a37d4eba8b,d987da9fb4086ab7c2c0f83963cd6722,870a0bdc769f9a7870309036740e79ea,sao paulo,SP,delivered,2017-05-14 17:19:44,2017-05-14 17:35:11,2017-05-24 15:45:01,2017-05-26 13:14:50,2017-05-24 00:00:00,53.54,1,2,1,,Entrega prometida 24/05/17. Dia 26/05/17 não havia recebido ainda.
001daeb0eddc45b999bad0801ad9d273,3ba02060e681d361d603d5f7ef0a730b,dc5aa19797b8fb7a4929ad109fb25553,itapicuru,BA,delivered,2017-05-17 23:19:34,2017-05-19 02:15:20,2017-05-19 10:03:49,2017-06-08 15:34:07,2017-06-19 00:00:00,55.12,1,1,5,,"Produto aparentemente ótimo, chegou muito antes do prazo estipulado pelo site. Pena que comprei o produto errado ""era para ser bomba submersa com filtro"". Mas, já estou resolvendo tudo quanto a troca."
001dbc16dc51075e987543d23a0507c7,698a74f33469466fa4172e829505d1c6,c6f624cf0e9908fe310d59a80350bea0,santos dumont,MG,delivered,2017-01-28 13:17:57,2017-01-28 13:32:16,2017-02-01 15:59:46,2017-02-13 13:17:47,2017-03-20 00:00:00,87.90,1,1,5,,
001e7ba991be1b19605ca0316e7130f9,b6a1445ee505f3a95c827e7a5188ad02,100bf2da12cc1fd1b556507aa87bf3a1,campo grande,MS,delivered,2017-03-18 11:47:37,2017-03-18 11:47:37,2017-03-20 10:14:45,2017-03-28 14:23:33,2017-04-12 00:00:00,213.21,1,10,5,,
001e7cf2ad6bef3ade12ebc56ceaf0f3,d1684ed69f8fd574b7c344de923f379a,43860f86362fea12550bfa19ef73015f,coromandel,MG,delivered,2018-05-19 10:29:23,2018-05-19 10:59:50,2018-05-21 14:34:00,2018-06-04 18:08:23,2018-06-05 00:00:00,51.10,1,2,1,Pessima,O produto chegou e estragou sozinho
0020262c8a370bd5a174ea6a2a267321,9ec353f970bdf785f6568724d9ea19aa,484689f7961df6e755f6373221aff64d,guaratuba,PR,delivered,2017-11-28 09:32:49,2017-11-28 09:58:07,2017-11-29 00:09:20,2017-12-02 12:27:33,2017-12-22 00:00:00,100.55,1,2,4,,
0020a222f55eb79a372d0efee3cca688,0c45155afd8ff99622c40824057f9b34,87ae4c644c15d9c6b6f826dfec33b340,volta redonda,RJ,delivered,2017-08-15 02:45:18,2017-08-15 03:03:44,2017-08-15 16:40:22,2017-08-24 19:19:56,2017-09-06 00:00:00,45.09,1,4,5,,Muito bom recomendo
002175704e8b209f61b9ad5cfd92b60e,a562db3c7cb9a68947debd30879b491e,e7d41c19da317af0612170197303d5a9,araraquara,SP,delivered,2018-04-22 12:13:25,2018-04-24 17:24:48,2018-04-23 19:03:19,2018-05-02 20:38:44,2018-05-14 00:00:00,123.11,1,3,4,Recomendo,Produto como descrito. Mas não gostei pq o som do alarme é muito baixo.. 
00229e4e43f7a7e0b9dd819ad43268d3,655418b3cc52d17ccb5b4330a7f03197,12d280dc9e8bf7888a3d2a8a8ae74f8d,sao bernardo do campo,SP,delivered,2018-03-31 16:41:54,2018-03-31 16:50:11,2018-04-02 22:38:53,2018-04-05 19:02:44,2018-04-26 00:00:00,91.39,1,1,5,,
0025081dcf9330f9a5052ae82c6ce396,7e6fefa11d6a2c832593264f69df9de3,d4c0c343658dec14b2197594314c2cc3,governador valadares,MG,delivered,2018-03-27 16:25:35,2018-03-27 16:35:20,2018-03-28 17:58:37,2018-04-05 23:48:37,2018-04-17 00:00:00,33.18,1,3,5,,
00254baeb6c932b0a8aeead91fbd02b5,ce0421a97232c2a1194cdb66cd3ebb9d,f99edeaa8a00f9866fd8fce5a0b83d4f,fortaleza,CE,delivered,2018-05-08 21:45:54,2018-05-08 22:14:46,2018-05-09 13:51:00,2018-05-30 19:38:36,2018-06-05 00:00:00,193.01,1,2,5,,
00259a44fcad3fc0474329e925d14fc3,7715f80f77f2ebf4583f97a0a6a7548b,8a04e75a04c11b76156ef03b8ea45a18,belo horizonte,MG,delivered,2017-12-27 17:52:11,2017-12-27 17:59:35,2017-12-28 21:53:36,2018-01-04 13:32:46,2018-01-22 00:00:00,34.09,1,1,4,,"Otimo vendedor
"
0025c5d1a8ca53a240ec2634bb4492ea,2430ad4b1b6efb56cf3050b5d3cf5e54,fa78b26c2fa23b2ebda98c2926305c1d,amanari,CE,delivered,2018-07-08 09:17:59,2018-07-08 09:30:09,2018-07-10 13:36:00,2018-07-31 10:51:58,2018-08-03 00:00:00,419.39,1,7,5,sensacional,"ótimo produto, bom acabamento. Para quem está começando nesse estudo sobre o universo, principalmente estudantes é uma ótima ferramenta. Tenho feito vários estudos com o auxilio do telescópio."
002611a77fe03d076285fd4ca95db77c,2b6cb6a4852a866c3b71dcbc7c5a2fce,c01bed915357c68393943dd8b7a51655,brasilia,DF,delivered,2018-02-27 17:46:23,2018-03-01 02:49:09,2018-03-02 03:12:49,2018-03-22 19:03:31,2018-03-26 00:00:00,156.75,1,1,4,,
002691433f09002ac9ca0c4e8dbb8ead,630b8c2f4134e83812d827e8006caa85,f77be85d218371e1afd9685f7ae828b2,porto alegre,RS,delivered,2017-02-02 21:18:03,2017-02-02 21:30:13,2017-02-03 12:34:49,2017-02-07 13:04:37,2017-03-03 00:00:00,120.43,1,1,5,,Chegou e está OK.
0026a368634b6e6f34f33b1499773a30,66b8528f2144c6cf919795323c4d43fb,2ecb0fc377050ca3b001d3a199e951ec,sao paulo,SP,delivered,2017-10-27 21:10:26,2017-10-27 21:26:45,2017-11-03 20:59:39,2017-11-07 21:58:51,2017-12-01 00:00:00,164.80,1,1,4,,"Adoro comprar com vocês, continuem assim"
00275bce676303c3bfd7292aefdfa223,a12427487c970a4a75dbeb5884f126a8,c5e94cf711798a7bdde48952d2b3ee28,sao paulo,SP,delivered,2017-11-24 23:10:30,2017-11-28 03:39:45,2017-11-29 17:28:59,2017-12-04 19:42:16,2017-12-14 00:00:00,293.36,1,1,5,,"Muito bom, so não testei ainda o produto mas super recomendo"
00276d5c3491fbf55305e26891040df9,54686c41e86854e35879efbd1c2cab1b,af11903c9def1d99643292e8d695b212,cambe,PR,delivered,2018-02-13 11:47:21,2018-02-13 12:55:57,2018-02-20 23:19:10,2018-03-16 19:57:52,2018-03-22 00:00:00,68.12,1,6,4,,
002834535f7a609a5c68266f173fa59e,89a6b1bfbe1b366503995b8df4c49450,457626c51309d814c33966c88a161545,recife,PE,delivered,2018-07-23 17:26:00,2018-07-28 23:30:59,2018-07-24 15:53:00,2018-08-11 01:48:33,2018-08-14 00:00:00,57.17,1,1,5,,
0028de0ca693a1bb26448916a81105cc,4b4773853bbbc435ddddd51bd6c6a002,f94d7c267f1bb6956a0c6c6fef65da8b,canoas,RS,delivered,2018-08-15 14:59:36,2018-08-17 03:35:17,2018-08-17 09:45:00,2018-08-28 18:58:21,2018-09-11 00:00:00,45.30,1,1,4,,
002955b0acc63d04f6724a31967e82bd,accb4b4ad075d07a833eacca116071c7,f139f07dd192b4c3a1b21082a9c632a2,manhuacu,MG,delivered,2017-12-18 13:43:54,2017-12-18 15:51:31,2017-12-19 17:51:40,2017-12-26 18:28:29,2018-01-16 00:00:00,135.59,1,1,5,,
0029c5db35ef291ce99d1262012e7daa,2f08bf21468eccdf69598582d4b89fb5,b31e69e978d97f380d52102ac379fd7e,guarulhos,SP,delivered,2018-08-25 00:09:40,2018-08-28 03:50:23,2018-08-29 13:24:00,2018-08-30 18:34:37,2018-09-03 00:00:00,514.37,1,1,4,,
0029f17cf0e7640c5cb6825af681303f,687223424c00a708c168301ebb8d16ef,83e1722d7fa45e1393a1226cd68c46b1,umuarama,PR,delivered,2018-05-02 11:59:06,2018-05-02 12:14:52,2018-05-03 12:12:00,2018-05-10 23:42:18,2018-05-22 00:00:00,113.44,1,1,5,,
002af7fa9eb99d1456bceb6a13d6fc0b,bacf5021c97183a2a3946dff31e56098,cb56f37beb68b1e2557f4ce00879d21c,sao bento do sul,SC,delivered,2018-02-18 18:46:28,2018-02-18 19:46:50,2018-02-19 20:35:16,2018-03-12 18:15:42,2018-03-15 00:00:00,109.45,1,5,4,,ok
002b430ff89b3a24c31a1170acbbedea,8d69dbf0f4dcb6c90367e0877ae94732,b1f8d8ebab0d8174f573bb6797ba8240,ituiutaba,MG,delivered,2017-06-20 21:55:21,2017-06-20 22:10:14,2017-06-21 11:26:14,2017-06-29 14:57:35,2017-07-12 00:00:00,265.55,1,10,5,,ótimo produto
002b4e6fa42cd4a22cc86abc18fe9c05,a5fd6dd86d703cedc9ab6be3dba12816,248d18ee4a4b0977fd21ef3273eb4352,sao paulo,SP,delivered,2018-03-11 10:24:44,2018-03-11 10:35:37,2018-03-12 19:47:30,2018-03-19 22:34:41,2018-04-06 00:00:00,119.57,1,2,5,,Produto de bom custo beneficio.
002c9def9c9b951b1bec6d50753c9891,06cf02bf583b05fd91bc8eec0f1b4c3f,6bcc1cd0c7f8bffa6f67a6a1fbef5782,sao paulo,SP,delivered,2018-05-14 16:57:47,2018-05-15 17:37:51,2018-05-17 13:27:00,2018-05-18 14:37:38,2018-05-25 00:00:00,173.80,1,1,4,,
002d040018d12a3853c059f7f23ab5b1,d7a77284d0a56f6b1ecb8c344b60d3e4,125afe43321f838bed64b7e0ecfddba4,pinhais,PR,delivered,2017-11-19 19:16:07,2017-11-21 03:47:23,2017-11-21 23:21:31,2017-11-27 18:54:09,2017-12-08 00:00:00,169.84,1,1,3,,
002f16b7bc4530031b7d90f791b12d8a,1eeffe21744883fbf61fbf138dbb8eee,eb859d4b5ab54b643d2c0cedaca0c9fb,sao paulo,SP,delivered,2018-07-02 16:51:47,2018-07-02 17:11:12,2018-07-03 16:35:00,2018-07-06 18:14:47,2018-07-25 00:00:00,284.13,1,1,5,,
002f19a65a2ddd70a090297872e6d64e,7fa80efb1ef15ca4104627910c29791c,205d5aa158338f2b733a07326aae8c87,camacari,BA,shipped,2018-03-21 13:05:30,2018-03-21 13:15:27,2018-03-22 00:13:35,,2018-04-16 00:00:00,77.29,2,1,3,,Minha mercadoria não chegou e ninguém entrou em contato para resolver nada...
002f98c0f7efd42638ed6100ca699b42,75fd1fb0bb511fc71ac2b2649c02b21b,2e875ea57961ad115cec13fef0920ae6,porto alegre,RS,delivered,2017-08-04 09:19:10,2017-08-04 09:30:15,2017-08-04 18:09:47,2017-08-07 19:07:30,2017-09-05 00:00:00,93.62,1,9,5,,
0030d783f979fbc5981e75613b057344,84ddc138522822dfb51b603c2f466a18,199888480790cc4f6135f3a3e11af83e,rio de janeiro,RJ,delivered,2017-11-24 20:03:02,2017-11-24 23:13:38,2017-12-15 19:34:13,2018-01-06 00:25:43,2017-12-15 00:00:00,78.27,1,7,1,,"Comprei dois produtos no mesmo dia, sexta-feira de black friday, no início de dezembro. O jogo de panelas tramontina chegou dentro do prazo, que era até o dia 11-12, mas a pipoqueira ainda não chegou."
0030ff924c38549807645976adeef2c0,c46e1af5a15417246a9c5e81ac964358,da9fe686eb368251f74be6cf68c13678,belo horizonte,MG,delivered,2018-03-25 16:52:27,2018-03-25 17:10:21,2018-04-07 01:18:33,2018-04-16 15:39:49,2018-04-20 00:00:00,292.24,1,2,5,,
00310b0c75bb13015ec4d82d341865a4,0dad07848c618cc5a4679a1bfe1db8d2,ec979208947bbba310f2ad8e50963725,belo horizonte,MG,canceled,2018-08-15 14:29:08,2018-08-15 15:04:25,,,2018-08-29 00:00:00,55.28,1,2,1,,
00324b3eda39ba5ecce3945823e3594c,cbde8134b8a718381d08167dfc58ec8c,137b3b977306da3cbeb1b552378f08e2,toledo,PR,delivered,2018-04-10 01:14:18,2018-04-11 09:12:11,2018-04-16 19:30:42,2018-05-03 20:29:24,2018-04-30 00:00:00,110.07,1,1,5,,
0032d07457ae9c806c79368d7d9ce96b,d356c20816dc75a309628b5c17d89468,98e71752819916789567071c52c4239e,rio de janeiro,RJ,delivered,2018-03-10 18:53:06,2018-03-10 19:48:19,2018-03-13 17:16:42,2018-04-29 21:08:59,2018-04-17 00:00:00,186.19,1,2,1,,
003324c70b19a16798817b2b3640e721,43696894b5bf8fbe1a40b2148ea505a0,fbe6316a06058c651539cbf59ec5a0ef,diamantina,MG,delivered,2017-05-18 19:04:48,2017-05-18 19:22:34,2017-05-19 16:04:55,2017-05-30 08:12:15,2017-06-07 00:00:00,234.70,1,5,1,,Comprei duas mochilas e recebi somente um produto é o valor vocês estão cobrando de dois produtos queto devolução do produto é meu ressarcimento
00335b686d693c7d72deeb12f8e89227,d96e5c4400413a11fa8c9fd54be4a20b,22b12c9c5bc6ba994b2423d87d3bb88a,vila velha,ES,delivered,2017-07-17 21:25:23,2017-07-19 03:45:26,2017-07-19 17:07:11,2017-09-12 20:58:45,2017-08-11 00:00:00,80.79,1,1,,,
00335f75ea6a4455b524a8dd177067f5,32b84239e3f3904ac162d832454770c7,a666bec8af192f2238a0b719a7063a00,rio de janeiro,RJ,delivered,2018-04-25 21:47:26,2018-04-25 22:10:29,2018-04-27 14:49:00,2018-05-03 22:16:51,2018-05-28 00:00:00,177.01,1,4,5,,
00337fe25a3780b3424d9ad7c5a4b35e,4b1b5c848616a4b5fa9d76cb1d12067b,3c857a6f7828bfb70fb712e2393cfd1b,sao paulo,SP,delivered,2017-09-25 17:39:29,2017-09-25 17:50:16,2017-09-26 22:31:51,2017-09-27 16:52:40,2017-10-10 00:00:00,139.68,1,1,5,,
003423b755b562962a6225a8de40d12e,18f1bb6325d50619d5c13b7a25b869fd,7e765e16bdd8cf6bb0dc7728e1294636,medeiros neto,BA,delivered,2018-07-08 11:28:17,2018-07-10 04:25:09,2018-07-13 15:00:00,2018-07-24 21:33:38,2018-08-08 00:00:00,261.33,1,1,3,,
00345f338696283410b7977d2e3efc89,3f9d223f86d2f243dd5a85fdc286c62a,93b592cbb89abbda7dc554c39add344e,mogi-guacu,SP,delivered,2018-08-20 11:06:46,2018-08-20 15:12:10,2018-08-21 13:18:00,2018-08-30 21:13:48,2018-09-11 00:00:00,67.34,1,1,5,,
0035246a40f520710769010f752e7507,4bcf2ad7ccc061c13ff360aae5b7abcd,d56ded4569dd9821b2f83710a56afbde,sao paulo,SP,delivered,2017-08-17 00:57:23,2017-08-17 01:25:39,2017-08-22 15:33:53,2017-08-28 19:14:03,2017-09-06 00:00:00,99.11,1,8,5,,"Estou acostumada a comprar produtos pelo baratheon. Super confiável, transparência, qualidade e agilidade. Super recomendo."
0035c0b07126fe9c24a325216fb96064,c8c4991d84dbfef1f61c6152486db6d4,9392534851a5f1f12396b5f897f9f2ad,campinas,SP,delivered,2017-11-24 01:08:37,2017-11-24 01:29:45,2017-11-28 17:17:17,2017-12-07 16:59:21,2018-01-03 00:00:00,150.44,1,10,4,,
0035e6b7ade84b3f5b86bd49814793df,3a0cc7c9af6abf8868dad5a1de4a16e1,fdfa1cc68f121149d8fcc27ee96e134c,sao paulo,SP,delivered,2018-02-21 02:46:23,2018-02-21 07:10:40,2018-02-22 00:51:33,2018-02-26 16:49:02,2018-03-13 00:00:00,34.00,1,1,5,,
0036757472ece3dde52fd4bfd929c90e,ea477083e770db0655938e79149f8c24,be03685420bb977861dda08f4b4088b3,bauru,SP,delivered,2018-07-19 14:58:59,2018-07-19 15:10:11,2018-08-07 07:45:00,2018-08-09 14:33:40,2018-08-20 00:00:00,203.03,1,1,2,Mesa com cavaletes ,"Demora absurda para entrega, dentro do prazo especificado por eles, mas ainda sim muito demorado!"
0036887767dea4bd43b1a88cd0d9477a,43bb6f9650ab2a7e6ef1c93168c4cfcf,6d151e185615942c0bc8cd9373471ad1,belo horizonte,MG,delivered,2017-10-13 00:04:49,2017-10-14 00:07:30,2017-10-17 12:56:45,2017-10-23 19:09:12,2017-11-01 00:00:00,423.63,1,3,5,,Muito satisfeita com a compra e com a empresa!
00378c6c981f234634c0b9d6128df6dd,f3476df115c5d26bdb6bfb71b5fb66af,cd2fd2a38f5903eb2a7377b548e0bfdd,sao paulo,SP,delivered,2018-02-02 19:39:46,2018-02-02 19:50:27,2018-02-05 18:06:49,2018-02-26 21:36:00,2018-02-26 00:00:00,52.85,1,2,4,,
003822434f91204da0a51fe4cf2aba18,327679cc34d41d4c48ee5e55246aa6d6,250b38e3586d512ece3671470c5d5f6d,rio de janeiro,RJ,delivered,2018-06-13 14:10:54,2018-06-15 02:37:21,2018-06-15 14:48:00,2018-06-19 13:34:35,2018-07-20 00:00:00,175.16,1,1,5,,
0039500db36d50d7d0bfaf23723550f3,90bd9911aed064dfc625750fbd83ebca,77971c2442b1adbbe0448409df2ea56a,maceio,AL,delivered,2018-07-06 10:37:32,2018-07-06 10:51:09,2018-07-07 09:15:00,2018-07-21 00:08:29,2018-08-03 00:00:00,203.23,1,2,5,Ótima qualidade,"Produto de ótima qualidade, sabor ótimo. Entregue antes do prazo"
003a7f59d7e08a9c61d9e2881fe6459c,f7838e5eeb3271df42376952e651e403,3725c5b8c1cf5ee69158f66922a862c4,brasilia,DF,delivered,2018-08-19 12:51:50,2018-08-20 11:49:46,2018-08-22 12:04:00,2018-08-27 22:32:15,2018-08-29 00:00:00,134.28,1,10,5,,
003a94f778ef8cfd50247c8c1b582257,da108bc410acffb1400cf9caea65a332,ffec490ab531184a483efe2eedd68908,campo grande,MS,delivered,2018-08-03 14:52:31,2018-08-03 15:05:14,2018-08-06 14:12:00,2018-08-24 00:18:38,2018-08-15 00:00:00,57.98,1,1,1,,
003cc6161d7a2593f2525cce0c330d32,7d9802889236ab8fc541bfb438978cd7,0c35f915ac95c942a535a99bc22524a8,sao paulo,SP,delivered,2018-08-03 19:33:35,2018-08-03 20:04:14,2018-08-06 15:02:00,2018-08-07 11:32:11,2018-08-08 00:00:00,97.90,1,4,5,Muito rápido a entrega! ,Amei o conj! Foi entregue rápido! O conj é perfeito 
003d0634280ff3d1d3a54459349a6899,cca819156e50623e9d3762ebeee308dc,2fe9477037604b2d6f60ffc998eb0812,barueri,SP,delivered,2018-03-17 17:50:30,2018-03-17 18:08:43,2018-03-23 19:24:35,2018-03-27 22:34:57,2018-03-29 00:00:00,228.89,1,1,3,,
003d804eef0e1b856881cd18e0cc0d4c,1c1bfb2cd4aa789067295941c42120ff,3f7fe16073dbdd44c23f327bab3def2c,imperatriz,MA,delivered,2017-11-17 19:43:10,2017-11-18 12:15:18,2017-11-21 22:38:54,2018-01-10 23:19:43,2017-12-18 00:00:00,312.74,1,3,4,,
003d9fc84ad902adf2265248b5ffe1a4,8c66482ec333eae596c93a9131981a9a,f26b89209f5378f95d8e664073b76419,sao paulo,SP,delivered,2018-08-19 19:43:01,2018-08-20 19:35:22,2018-08-22 10:06:00,2018-08-27 18:17:49,2018-09-05 00:00:00,94.74,1,3,4,,
